{
  "timestamp": "2026-01-25T20:23:56.849508",
  "total_detections": 10,
  "emotion_counts": {
    "Angry": 0,
    "Disgust": 7,
    "Fear": 0,
    "Happy": 0,
    "Sad": 3,
    "Surprise": 0,
    "Neutral": 0
  },
  "final_rating": {
    "valence": -0.7346745965138757,
    "arousal": 0.4959762104583727,
    "mood_score": 25.5727782440287,
    "dominant_emotion": "Disgust"
  }
}